Column1;Column2;Column3
;Aimoon ;Complete
;Alexandra Badoi;Complete
;Allen & Envy;Complete
;Amy Kirkpatrick;Complete
;Assaf;Complete
;Attila Syah;Complete
;Cari;Complete
;Cathy Burton;Complete
;Claire Willis;Complete
;Denis Kenzo;Complete
;Dj Xquizit;Complete
;EMATA;Complete
;Eranga ;Complete
;Eva Kade;Complete
;Eximinds;Complete
;Fatum;Complete
;Gal Abutbul;Complete
;Gemma Pavlovic;Complete
;GXD ;Complete
;JANPAUL ;Complete
;Jeremy Vancaulart;Complete
;Jess Morgan;Complete
;John O'Callaghan;Complete
;Katherine Amy;Complete
;Kimberly Hale;Complete
;Koyah ;Complete
;Maxine ;Complete
;Melissa Loretta;Complete
;Michele C;Complete
;Mino Safy;Complete
;Monoverse;Complete
;Natune;Complete
;Nifra;Complete
;Ramsey Westwood;Complete
;Raz Nitzan ;Complete
;Rebecca Louise Burch;Complete
;Rigo Avila;Complete
;Roxanne Emery;Complete
;Sarah de Warren;Complete
;Sarah Reeves;Complete
;SCHALA;Complete
;Somna;Complete
;Tritonal;Complete
;10Stage;
;3rd Planet;
;4 Strings;
;5ALVO ;
;7 Skies ;
;7ROSES ;
;A.L.Y.S. ;
;A.M.R. ;
;A.R.D.I.;
;Aamos ;
;AB Project;
;Abhishek Y2V;
;Aboutblank ;
;Above & Beyond;
;Abraham Roma;
;Abrupt Gear;
;Abscure ;
;Abstract Vision;
;Access ;
;Achilles;
;Activa;
;ActiveBlaze;
;Ad Brown;
;Adam Ellis;
;Adam Is A Girl ;
;Adam K;
;Adam Nickey;
;Adam Szabo;
;Adam Tas;
;Adara ;
;Ade DokQ;
;Adina Butar ;
;Adip Kiyoi;
;Adrian Alexander;
;Adrian&Raz ;
;Aelyn ;
;Aeolu5;
;Agata Pasternak;
;Aguada;
;Ahmed Helmy;
;Ahmet Atasever;
;Ai Takekawa;
;AIDYL ;
;AIKA;
;Aila;
;Airbase;
;Airborn;
;AirLab7;
;Airo ;
;Airum;
;AJ Gibson ;
;AK;
;Aknow ;
;Alae Khaldi ;
;Alaera ;
;Alan Morris;
;Aldous ;
;Aleksey Ekimov;
;Aleksey Sladkov;
;Alex Daf;
;Alex Ender;
;Alex Holmes ;
;Alex Klingle ;
;Alex Leavon;
;Alex M.O.R.P.H.;
;Alex Mazel ;
;Alex Prima;
;Alex Shevchenko;
;Alex Sonata;
;Alex Soun;
;Alex Wackii;
;Alex Wright;
;Alexander Chekomasov;
;Alexander Dark;
;Alexander Komarov;
;Alexander Popov;
;Alexander Spark;
;Alexander Turok;
;Alexander Zhakulin;
;Alexandre Bergheau;
;Alexey Polozok;
;Alexxon ;
;Aley & Oshay;
;Aligator ;
;A-Line;
;Alissa Feudo;
;Allan V.;
;Allen Watts;
;Allevo ;
;Allure;
;Aloma Steele ;
;Alpha Force ;
;Alpha Modul ;
;Alpha025;
;Alta May;
;Alta Project;
;Alton;
;Altreal ;
;Aly & Fila;
;Aly Frank;
;Amanda Darling;
;Amba Shepherd ;
;Am?lie Mae;
;Amidy ;
;Amin Salmee ;
;Amir Hussain ;
;Amos ;
;Amst ;
;AMTM;
;Amurai ;
;Ana Criado ;
;Anatoliy Frolov;
;Andain ;
;Anderson ;
;Andr? Visior;
;Andrea Britton;
;Andres Sanchez;
;Andrew & White;
;Andrew Bayer;
;Andrew Cash;
;Andrew Frenir;
;Andrew Henry;
;Andrew Lang;
;Andrew MacTire;
;Andrew Mirt;
;Andrew Rayel;
;Andrew Vass;
;Andromeda;
;Andromedha ;
;Andski ;
;Andy Cain;
;Andy Duguid;
;Andy Elliass;
;Andy Kumanov;
;Andy Moor;
;Andy Wide;
;Ane Brun;
;Aneym;
;ANG;
;Ange ;
;Angel ;
;Angel Fall ;
;Angel Falls;
;Angelface;
;Angelic ;
;Angelika Vee;
;Angelus ;
;Anhydrite ;
;ANIMA!;
;Anita Kelsey;
;Anlaya Project;
;Anna Renae;
;Anna Star;
;AnnihElectric;
;Anske ;
;Anthony Ragni;
;Anthya;
;Antillas ;
;Anton By;
;Anton Sonin;
;Antonia Lucas;
;Anveld ;
;Anven;
;ANVY ;
;Apollo Nash;
;April Bender;
;Araya;
;Arba Han;
;Arcane Science;
;Arctic Moon;
;Aressa;
;Aresz ;
;Arggic ;
;Ariel & Danilo;
;Arielle Maren;
;Arjans;
;Arkam Reborn;
;Arlicht;
;Armin Van Buuren;
;Armin Zamani;
;Armos;
;Arnaud S;
;Arsen & Cyan;
;Art Of Trance;
;Artento Divini;
;Artifi;
;Arty;
;Aruna;
;Aryue ;
;Aser Gado;
;Ashley Smith;
;Ashley Wallbridge;
;Asteroid ;
;Astony ;
;AstroFegs;
;AstroSonic ;
;Astuni & Manuel Le Saux;
;ATB;
;atDusk;
;Ather;
;ATHOM ;
;ATHOMsound;
;Atleha ;
;Atragun;
;A-Tronix;
;Au5;
;Audrey Gallagher;
;Aura Wolfe;
;Aurosonic ;
;Av;
;Ava Silver ;
;Avao;
;Avenia ;
;Averagaint;
;Avian Grays;
;Avylo;
;AWAKEND ;
;Axel Walters;
;AxelPolo;
;Axis;
;Axxound ;
;AYDA ;
;Aylin ;
;Baer ;
;Ban O'Dannon;
;Basto;
;Bayaba ;
;BBSound;
;Beat & Voice;
;Beat Service;
;Beatsole;
;Bec Peters;
;Bedroom Logic;
;Ben Ashley;
;Ben Gold;
;Ben Lord;
;Ben McConnell ;
;Ben Nicky;
;Ben Nilsson;
;Benjamin Duchenne;
;Benya ;
;Bertie Scott;
;Betsie Larkin;
;Bi Bi Zhou;
;Bigtopo ;
;Bilal El Aly;
;Binary Finary;
;Binary Form;
;BIONIQUE ;
;BiXX;
;Bizzare Contact;
;Black Spider ;
;Black Xs;
;Blacktzar ;
;Blaumar;
;Blaze Sulinski;
;Blue Harvest;
;Blue5even;
;Blugazer;
;BluSkay;
;Bobby Neon;
;Bodo Kaiser;
;Bogdan Vix;
;BOND;
;Boom Jinx;
;Boostereo;
;Borena;
;Boris Foong;
;Bote ;
;Brad & Victor H;
;Brandon Mignacca;
;Breame ;
;BRKDWN;
;BRKLYN ;
;BRM ;
;Broning;
;Bryan Milton;
;Bryen;
;Bryn Liedl ;
;BT;
;BXT;
;Caitlin Stubbs;
;Cammie Robinson;
;Candace Sosa;
;Capa ;
;Cardinal;
;Carie ;
;Carina;
;Carl Daylim;
;Carla Werner;
;Carol Lee;
;Carrie Skipper;
;Casey Barnes;
;Cassandra Grey;
;Cassidy Ford;
;Cate Kanell;
;Cause Two;
;CeCe Mix;
;Cerf, Mitiska and Jaren;
;Chakra;
;Chance;
;Channel Surfer;
;Charmy;
;Chatry Van Hove;
;Che Jose ;
;Chicane;
;Chloe ;
;Chris Callado;
;Chris Element;
;Chris Forward;
;Chris Giuliano;
;Chris Jennings ;
;Chris Jones ;
;Chris Kerry;
;Chris Madin ;
;Chris Metcalfe;
;Chris Porter;
;Chris Schambacher;
;Chris Schweizer;
;Chris Turner;
;Chriss Ortega;
;Christian Burns;
;Christian Carcamo;
;Christian Zechner;
;Christina Novelli;
;Christine Tran;
;Christopher Corrigan ;
;Christopher James Connelly;
;Chukiess & Whackboi;
;Ciaran McAuley;
;Cimo Frankel;
;CJ SN;
;CJ Stone;
;Clara Sofie;
;Clara Yates;
;Clare Stagg;
;Claudiu Adam;
;Claus Backslash;
;CMCV ;
;Cold Rush;
;Colin Smith;
;Collide the Sky ;
;Colonial One;
;Conrad Sewell ;
;Cor Fijneman;
;Cora ;
;Corderoy;
;Corti Organ;
;Cosmic Gate;
;Cosmo & Skoro;
;Costa;
;Craig B;
;Craig Connelly;
;Craving ;
;Cristina Soto;
;C-Systems;
;CubeTonic;
;Cubicore;
;Cynthia Hall;
;Cyril Ryaz ;
;D&W;
;D72;
;Daav One;
;Dallaz Project;
;Dam Nicolosi;
;Damian Wasse;
;Dan Norvan;
;Dan Schneider;
;Dan Stone;
;Dan Thompson;
;Daniel & Albert ;
;Daniel Kandi;
;Daniel Rimaldi ;
;Daniel Skyver;
;Danilo Ercole;
;Danilo Marinucci;
;Danny Chen;
;Danny Claire;
;Danny Cullen;
;Danny Eaton;
;Danyka Nadeau;
;Darin Epsilon;
;Dark Echo;
;Dark Fusion;
;Dark Matters ;
;Darkmind;
;Darren O'Brien;
;Darren Porter;
;Dart Rayne;
;DARVO;
;Dash Berlin;
;Dasha ;
;Daun Giventi ;
;Dave Darel;
;Dave Martin;
;Dave Neven;
;Dave Steward ;
;Davey Asprey;
;David Deere;
;David Gravell;
;David Mimram;
;David Thulin;
;Davoud;
;DeadDash;
;Deagon ;
;Dean Chalmers;
;Declan James;
;Dee Am;
;Deem;
;Deep Fog;
;Deirdre McLaughlin;
;Denbray ;
;Denis Airwave;
;Denis Karpinskiy;
;Denis Neve;
;Denis Sender;
;Denise Rivera;
;Dennis Graft;
;Dennis Lysenko;
;Dennis Pedersen;
;Dennis Sheperd;
;Derek Aether;
;Derek Palmer;
;Derek Ryan;
;Dezarate;
;Dezza ;
;D-Gor;
;Diana Leah;
;Diego Morrill;
;Digital Vision;
;Digital X;
;Dilara Gadel;
;DIM3NSION;
;Dinka;
;Dirkie Coetzee;
;Dirty South;
;Disfunktion;
;Dito ;
;Division Zero;
;DJ Anvil;
;DJ Beda;
;DJ Darq;
;DJ Dean;
;DJ GREG;
;DJ Kam;
;DJ Nell;
;DJ Panda;
;DJ Sehba;
;DJ Stella;
;DJ T.H.;
;D-Mad;
;Dmitry Strochenko;
;Dmpv ;
;DNS Project;
;Dom Fricot ;
;Dominic Manns;
;Donata ;
;Dory Badawi;
;DoubleV;
;Dragen ;
;Driftmoon ;
;Drival;
;DRYM;
;DSM ;
;dStarr;
;DT8;
;DT8 Project;
;Duncan Newell;
;Dustin Husain;
;Dylan Matthew;
;East & Atlas;
;Eda Lovelace;
;Eden;
;Ehren Stowers;
;Ekatherina April;
;EKE (NL);
;EL Waves;
;Eldream;
;eleven.five ;
;Elevven ;
;Elite Electronic;
;Elle Vee;
;Elleah;
;Ellen Smith;
;Elles De Graaf;
;Ellez Ria;
;Ellie Lawson;
;Ellie White;
;Eloquentia ;
;Elypsis;
;Elysian ;
;Emanuele Braveri;
;Emerge;
;Emilie Brandt;
;Emma Bucaya;
;Emma Chatt;
;Emma Elizabeth;
;Emma Gatsby;
;Emma Hewitt;
;Emma Horan;
;Emma Lock;
;Emma Louise;
;EMME ;
;Emoiryah ;
;Empirian;
;Enfortro;
;Entis;
;Envy Monroe;
;ENZO ;
;EpicFail ;
;Epidemika;
;Epiphony ;
;Eren Demir ;
;Eric De La Vega;
;Eric Lumiere;
;Eric Senn;
;Erick Strong;
;Ericksii ;
;Erik Iker;
;Eshani S;
;Eskai;
;Eskova ;
;Esmee Bor Stotijn;
;Esper Haddad;
;Essence;
;Essonita ;
;Estiva;
;Eugenio Tokarev ;
;Euphoric Nation;
;Euphoric72;
;Eva Pavlova;
;Evebe ;
;Ever Burn;
;Evgeny Kutsenok;
;Evin Skye;
;Evol Waves;
;Exolight ;
;Exostate;
;F.G. Noise;
;Fabio XB;
;Factor B;
;Factoria;
;Fady & Mina;
;Fahjah;
;Fahmy & Samba;
;Faith;
;False 9;
;False9;
;Far Out;
;Farhad Zohdabady;
;Farid A;
;Farius;
;Faruk Sabanci;
;Farzin;
;Farzin Salehi;
;FAWZY;
;Feel;
;Feenixpawl ;
;Fenja ;
;Fenna Day;
;Ferrin & Morris;
;Ferry Corsten ;
;Ferry Tayle;
;Filo & Peri;
;Fiora ;
;Firas Tarhini ;
;First Effect;
;First State;
;Fisher ;
;Fisherman ;
;Fisical Project;
;FKN;
;Flaya;
;FloE;
;FLRK!;
;Flynn ;
;Fon.Leman ;
;Fonzerelli;
;Forces ;
;Foret ;
;Formal One;
;Frahma;
;Frainbreeze ;
;Francesco Fruci;
;Frank Dueffel;
;Fredd Moz;
;Fresh Code;
;Fright Nite;
;FRONT;
;Frozen Skies;
;Full Tilt;
;Furkan Senol;
;FUTURECODE ;
;Fyre ;
;Gabriel & Dresden;
;Gai Barone;
;Gainworx;
;Galaxston ;
;Gamma ;
;Gango;
;Gareth Emery;
;Garibay;
;Gary Afterlife;
;Genix ;
;George Acosta;
;George Ellinas;
;Georgia Mason;
;Ger Marino;
;Gerome;
;Ghost Etiquette;
;Ghost Rider;
;Gid Sedgwick;
;Giovanna Bianchi;
;Giuseppe de Luca ;
;Giuseppe Ottaviani;
;Glasscat ;
;Glynn Alan;
;GNX;
;Golax ;
;Goldback ;
;Golden Sky;
;Gradian;
;Graham Bell;
;Greg Wonders;
;GRUE ;
;G-Tek ;
;Hadley;
;Haikal Ahmad;
;HAKA;
;Haley ;
;HALIENE ;
;Halosphere;
;HamzeH ;
;Hanna Finsen;
;Hannah Brine;
;Hannah Ray;
;Hansen Tomas;
;Hanski ;
;Hardcode ;
;Haris C;
;Harnam ;
;Harshill Kamdar;
;Hausman ;
;Hazem Beltagui ;
;Headsrolls;
;Headstrong;
;Heatbeat;
;Helen Sylk;
;Henry Dark;
;Heyem & Groozin;
;HGHLND ;
;Hi_Tack;
;Hidden Tigress;
;High 5 ;
;High Frequencies;
;Hiromori Aso;
;Hit The Bass;
;Holbrook ;
;Holly Drummond;
;Holy Waters;
;Hooligan;
;Hossenior ;
;HP Energetic;
;Hristian Hristov;
;Huem;
;Husman;
;Hydroid;
;Hypersia ;
;Hysteria! ;
;iamMTN;
;Ian Buff;
;Ian Osborn;
;Ignacio Kriman;
;Ikerya Project;
;ilan Bluestone;
;ILIKTRONIK KREMENEL;
;Illuminor ;
;Inci3ion;
;Indecent Noise;
;Indifferent Guy;
;Inge Bergmann;
;Inna Goryachaya;
;Inner Voice;
;Inrayzex ;
;Inspirer;
;INVIRON;
;Ion Blue ;
;Irina Makosh;
;Isoprospect;
;Isotobia Forrest;
;Iversoon ;
;J. Falcone;
;J.Puchler;
;Jack Dawson;
;Jack Noise;
;Jack Vath;
;Jackson Snapp;
;Jahala;
;Jaime Deraz;
;Jak Aggas;
;Jake Shanahan;
;Jake Torrey;
;Jakub Hubner;
;Jallen;
;Jam Da Bass;
;Jamaster A;
;James Christian;
;James Darcy;
;James de Torres;
;James Dymond;
;James Newman ;
;Jamie Walker;
;Jamis ;
;Jan Burton ;
;Jan Johnston;
;Jan Miller;
;Janet Devlin;
;Jano;
;Jansoon ;
;Jaren ;
;Jasmine Dean;
;Jason Ross;
;Javah;
;Jay Saunders;
;Jaytech;
;Jean Clemence ;
;Jeera Lert;
;Jeff Ozmits ;
;Jeffrey Sutorius;
;JEN;
;Jen Wood;
;Jendrex ;
;Jennifer Rene;
;Jennifer Seeker;
;Jericho Frequency;
;Jermey Reyes;
;JES;
;Jess Ball;
;Jessica Doherty;
;Jessica Lawrence;
;Jessie Lee Thetford;
;Jessika Dawn;
;Jeza ;
;Jillenhans;
;Jilliana Danise;
;Jimmy Chou ;
;Jo Cartwright ;
;Joanna Angelina;
;Joaquin Limon;
;Jochen Miller;
;Joe Jury;
;Joe Schaeffer;
;Joel Freck;
;Joel Hirsch;
;Johan Vilborg;
;Johann Stone ;
;John Grand;
;John Spider;
;Johnny E;
;Johnny Norberg;
;Johnny Yono;
;Joint Operations Centre;
;Jon The Dentist;
;Jonathan Burhan;
;Jonathan Mendelsohn;
;Jonny Rose;
;Joorg Matt;
;Jordan Shaw;
;Jordan Suckley;
;Jordan Tobias;
;Jorn van Deynhoven;
;Jorza;
;Josa;
;Joseph Areas ;
;Joseph Vega;
;Josh Bailey;
;Josh Cumbee;
;Josh Gabriel;
;Josie ;
;Judah ;
;Judge Jules;
;Jules Porter;
;Julia Ross;
;Julia Violin;
;Julian Vincent;
;Julie Harrington;
;Julie Scott;
;Julie Thompson;
;Justine Divina;
;Justine Suissa;
;Juventa;
;JVMIE ;
;Jwaydan ;
;K&LC ;
;Kaimei;
;Kaimo K;
;Kaion ;
;Kajis;
;Kamil Esten;
;Kamron Schrader;
;Kanallia ;
;Karanda ;
;Karel & XoJani;
;Karen Kelly;
;Karen Overton ;
;Karina Skye;
;Karzen;
;Kaskade;
;Kat Marsh;
;Kataploks ;
;Kate Cameron;
;Kate Louise Smith;
;Kate Miles;
;Kate Walsh;
;Katie Marne;
;Katrina Noorbergen;
;Katrine Stenbekk;
;Katty Heath;
;KayZen;
;Kazi Jay;
;KBK;
;Kelly Sweet;
;Kenneth Thomas;
;Kenny Palmer;
;Kepik;
;Kerry Leva;
;Kevin Shiah;
;Kevin Vergauwen;
;Kevin Wild;
;Key Lean;
;Keyplayer;
;Kheiro & Medi;
;Khievo ;
;KhoMha;
;Kido Dee;
;Kim Casandra;
;KINETICA;
;Kintsuku;
;Kitone ;
;Klassy Project;
;KNVWN ;
;Kojun;
;Koko B.;
;Kometillo;
;Kriess Guyte;
;Kristin King;
;Kroman ;
;Kryder;
;Kudus ;
;KWONE;
;Kyau & Albert;
;Kyler England;
;L5where;
;La Antonia;
;Laker & Mihailov;
;Lala Project;
;Lang & Yep;
;Lange;
;Lara ;
;Larsson (BE);
;Lasso ;
;Last Soldier;
;Late Night Alumni;
;Laura Aqui;
;Laura Shea;
;Laura V;
;Laurell;
;Lauren Evans;
;Lauren Ni Chasaide;
;Lauri Six;
;LDN;
;Lee Osborne;
;Lele Troniq;
;Lenachka ;
;Leo Lauretti;
;Leo Reyes;
;Leon 78;
;Leon Bolier;
;Leon Hardy;
;Leonard A;
;Leroy Moreno;
;Les;
;Lesh;
;Leusin ;
;Levekar;
;Levitate;
;Liam Melly;
;Liel Kolet;
;Liezl;
;Liezl ;
;Lifeline;
;Light & Shadow;
;LightControl;
;Li-Ion;
;Limelght;
;Lina Sanden;
;Linnea Sch?ssow;
;Linney ;
;Lissie ;
;Liuck;
;LKX;
;Local Heroes;
;Loelitah ;
;Lo-Fi Sugar ;
;LOFTIER ;
;Lokka Vox ;
;Lola Blanc;
;London Thor;
;Long Island;
;Lord Sonah;
;Loreno Mayer;
;Lost Emotions;
;Lost Frequencies;
;Lost Witness;
;Lostly ;
;Loutaa;
;Loverush UK!;
;LR Uplift ;
;LTN ;
;Lucian Kode;
;Lucid Blue;
;Lucy Pullin;
;Luigi Lusini ;
;Luise Najib;
;Lukas Wieteszka;
;Luke Anders;
;Luke Anderson;
;Luke Bond;
;Luke Chable;
;Luke Terry;
;Luminn ;
;Lustral;
;LYCA ;
;Lycii;
;Lyck;
;Lynsey Shaw;
;M.A.D.E.;
;M.I.K.E.;
;M11;
;M6 ;
;MAA;
;Maarten De Jong;
;Maas;
;Mace V;
;Madtone ;
;Maduin;
;Maestro ;
;Maglev;
;Mahaputra;
;Maison;
;Majai;
;Makaseo;
;MakeFlame;
;Makizante ;
;Malene ;
;Man Cub ;
;Mangal Suvarnan;
;Manian;
;Manon Polare;
;Maor Levi;
;Maratone;
;Marc van Linden;
;Marcell Stone;
;Marcie ;
;Marco V;
;Marcus Santoro;
;Marcus Schossow;
;Mardven;
;Maria Kazachkova;
;Maria Milewska;
;Maria Nayler;
;Mario Ayuda;
;Marisha Mae;
;Mark Aigon ;
;Mark Bester;
;Mark Digital ;
;Mark Eteson;
;Mark Frisch ;
;Mark Nails;
;Mark Otten;
;Mark Sherry;
;Mark Shine;
;Mark Sixma;
;Mark W;
;Mark Wild;
;Markus Hakala;
;Markus Schulz;
;MaRLo;
;Marquee ;
;Mars Atlas;
;Mart Sine;
;Martin Jensen;
;Martin Libsen;
;Martina Kay;
;Martnello;
;Marty Longstaff;
;MaryJo Lilac;
;Maryn;
;Masoud ;
;Master Beat Projekt;
;Mat Zo;
;Matias Lehtola;
;Matrick ;
;Matt Bukovski;
;Matt Chowski;
;Matt Davey;
;Matt Fax;
;Matt Hardwick;
;Matthew ;
;Matthias Bishop;
;Matys;
;Mauro Picotto;
;Mavros ;
;Max Graham;
;Max Meyer;
;MaxRevenge;
;Maywave ;
;MBX;
;Meighan Nealon;
;Melchi;
;Melina Borglowe ;
;Melissa Mathes;
;Men-D;
;Menfis;
;MERC;
;Meredith Bull;
;Meredith Call;
;Meridian ;
;Meriton Celiku;
;Metta & Glyde;
;Mewes;
;Mhammed El Alami;
;Miami Calling;
;Michael Angelo ;
;Michael Badal ;
;Michael Cassette;
;Michael Fearon ;
;Michael Li ;
;Michael Milov;
;Michael Retouch;
;Michael Woods;
;Michel Manzano;
;Michelle Hutcheson;
;Michelle Richer;
;Miikka L;
;Mike Saint-Jules;
;Mike Sanders;
;Mike Shiver;
;Mike Sonar;
;Mike Squillo;
;Mike van Fabio;
;Mike Zaloxx;
;Milad E;
;Millennial;
;Minicied;
;Minus One;
;Miraks;
;Mischa Daniels ;
;Misja Helsloot;
;Mitraz ;
;Mixail;
;Miyuki;
;MNK ;
;Moelamonde ;
;Mohamed Hamdy;
;Mohamed Ragab;
;Mona Moua;
;Monika Santucci ;
;Monique Vermeer;
;Moonbeam;
;Moonlight Tunes;
;Moonnight;
;Morelli ;
;Morgan Page;
;Morgin Madison;
;Morvan;
;Moscow Noir;
;Moussa Clarke;
;Mr. Probz;
;MR.V.ID;
;MR90;
;MRKTS ;
;Mustafa Turker;
;Muvy;
;Myde;
;Myon;
;Mystery Islands;
;N.R.G ;
;Naama Hillman;
;Nabil MJ;
;Nadi Sunrise;
;Nadia Ali;
;Naimee Coleman;
;Nascent Nova;
;Nash ;
;Natalie Dime;
;Natalie Gioia;
;Natalie Holmes;
;Natalie Major;
;Natalie Peris;
;Natasha Bedingfield;
;Nathan Nicholson;
;Nathan Rux;
;Nathia Kate;
;Nation Of One;
;NatrX;
;Navid N2M;
;Nay Jay;
;Nayenne ;
;Neev Kennedy;
;Neonica ;
;NERAK ;
;Neteta ;
;Neurofunq ;
;Ne-Yo;
;Nic Toms;
;Nicholas Gunn;
;Nick Arbor;
;Nick Callan;
;Nickie Minshall;
;Nicola ;
;Nicola Maddaloni;
;Nicola McKenna;
;Nicolas Francoual;
;Nicole McKenna;
;Nicole Rodriguez;
;Nikhil Prakash;
;Nikol Apatini ;
;Nikolay Mikryukov;
;Nikzad & Sina;
;Nima Van Ghavim;
;Nitrous Oxide;
;Noah Shah;
;Noinne ;
;Noire Lee ;
;Nolita;
;Nomad 03;
;Nomination;
;NoMosk;
;Nomra;
;Norni ;
;North State;
;Northia;
;Nostrangel ;
;Nourey;
;Novaline;
;Novan ;
;Nuestro ;
;Nurlaila;
;NuSpirit;
;NuttaLyA ;
;NWYR;
;NyTiGen;
;O.B.M Notion;
;Object Y;
;Obsidian;
;Oceanlab ;
;Offer Nissim;
;Offshore Wind;
;Ohmna;
;Olaf Blackwood;
;Ole Van Bohm;
;Oleg Farrier;
;Oliver Barabas;
;Oliver Smith;
;Olivia Sebastianelli;
;Omair ;
;Omar Diaz;
;Omar Sherif ;
;Omnia;
;One Half Bear ;
;OneBeat;
;onTune;
;Orjan Nilsen;
;Orkidea ;
;Orphyd ;
;OSITO;
;Ost & Meyer;
;Outset ;
;Owais ;
;Papulin;
;Parallels;
;PARITY;
;Patrick Baker;
;Patrick Dreama;
;Patrick White ;
;Patrik Humann;
;Paul Aiden;
;Paul Arcane ;
;Paul Denton;
;Paul M.;
;Paul Pollux;
;Paul Skelton;
;Pavel Koreshkov;
;Pedro Del Mar;
;Perpetual;
;Perpetuous Dreamer ;
;Peter Illias ;
;Pex L ;
;Peyton ;
;Phazer ;
;Philippe El Sisi;
;Phillip Castle;
;Phillip J;
;Phillipa Joy;
;Photographer;
;Phynn;
;Pia Toscano;
;Pipa Moran ;
;PITTARIUS CODE ;
;Playton;
;Plumb ;
;Plutian;
;Polarfield ;
;Poppy ;
;Poshout;
;Pourya Feredi ;
;PRAVDA ;
;Profetik;
;PROFF;
;Proglift;
;Progman;
;Progressence ;
;Project 8;
;Protoculture;
;Proyal ;
;Pulse & Sphere;
;Pulse Regime;
;Pulser;
;Puma Scorz;
;Puresoul;
;Purple Stories;
;Quantor ;
;Quizzow;
;R.I.B.;
;R.I.H.A. ;
;R.I.O.;
;R3dub;
;Rachael Nemiroff;
;Rachel Ellektras;
;Radion6;
;Rafael Frost;
;Rafael Osmo ;
;Rakielis;
;Ralphie B;
;RAM;
;Ramona Nerra;
;Reaves & Ahorn;
;Redchild ;
;Redub;
;Reeves ;
;RELEJI ;
;Re-Locate ;
;Reminder;
;Rene Ablaze;
;Renee Stahl;
;Renge;
;ReOrder;
;Rex Mundi;
;Reznor;
;Ric Scott;
;Ricardo Elgardo;
;Richard Bedford;
;Richard Durand;
;Rico & Miella;
;Ridgewalkers;
;Rimsky ;
;Rinaly ;
;Riot Night;
;Rising Star ;
;Robbie Seed;
;Robert B;
;Robert Lyttle;
;Robert Miles;
;Robert Nickson;
;Roberta Harrison;
;Robin Hagglund;
;Robin Vane;
;Roby K;
;Rocking J;
;Rodg;
;Rodrigo Deem;
;Roel ;
;Roger Shah;
;Rolo Green;
;Roman Hope;
;Roman Messer;
;Ron Alperin;
;Ron with Leeds;
;Ronny K;
;Ronski Speed;
;Room 109;
;Rory Gallagher ;
;Rospy;
;Ross Cairns;
;Roxana Constantin;
;Roxanne Wilde;
;Royal Zeven;
;Rub!k;
;Ruben De Ronde;
;Ruby & Tony;
;Runaground ;
;Ruslan Device;
;Ruslan Radriges;
;RY4N W1LSON;
;Ryan Marciano;
;Rykka ;
;S.A.T;
;Saad Ayub;
;Sabastien;
;Sadege ;
;Sajjad Zakaria;
;SaKura ;
;Sally Oh;
;Salsotto;
;Sam Cydan;
;Sam Gray;
;Sam Laxton;
;Sam Martin;
;Sam Vance;
;Sam Welch ;
;Sammy Plotkin;
;Sander van Doorn;
;Sandra Passero;
;Sandro Mireno;
;Saphron ;
;Sara Skinner;
;Sarah deCourcy;
;Sarah Escape;
;Sarah Howells;
;Sarah Lynn;
;Sarah Russell;
;Sarah Shields;
;Sarah West;
;Saugat ;
;Saveload;
;Scar;
;Schala ;
;Scolario ;
;Sean Boyd;
;Sean Ryan;
;Sean Tyas;
;Seaways;
;Seawayz & Sollito;
;Sebastian Brandt ;
;Sebastian G Clarke ;
;Sebastien Silva ;
;SebDell;
;Semblance Smile ;
;Sendr ;
;Serge Devant;
;Sergey Shabanov;
;Sergey Shvets;
;Sergiy Akinshin;
;Seri ;
;Seven Lions;
;Seven24;
;Shane 54;
;Shannon Hurley;
;Shant & Clint Maximus;
;Shapov ;
;Sharon Den Adel;
;Sharon Valerona;
;Shawn Mitiska;
;Shedona;
;Shelley Harland;
;Sherano ;
;Sheridan Grout;
;Shinson ;
;Shogun;
;Sick Individuals;
;SICKCODE ;
;Sieber & Stavnstrup;
;Sied van Riel;
;Simmons & Blanc;
;Simon;
;Simon & Shaker;
;Simon Lee & Alvin;
;Simon Leon;
;Simon Patterson;
;Simone Nijssen;
;Sir Adrian;
;Sir Notch ;
;SISKIN;
;Skua;
;SkyKeeper ;
;Skylane;
;Skylex;
;Skytech ;
;Slander;
;Sleepthief ;
;Smashing Atoms;
;SMR LVE;
;Snatt & Vix;
;Sneijder;
;Snowman ;
;SNR;
;SNR;
;Snydex ;
;Soarsweep;
;Social Mistake;
;Sodality;
;Soha ;
;Solen ;
;Solid Stone;
;Solis & Sean Truby;
;SOLR ;
;SonicGeite ;
;Sonicwork;
;Sopheary ;
;Sophie Ellis-Bextor;
;Sophie Flower;
;Soren Andrews;
;Soty ;
;Sou Kanai;
;Soul Lifters ;
;Sound Quelle;
;Sound State;
;SoundGate;
;Soundlife;
;SoundLift;
;SOUYA ;
;Space Corps;
;Space RockerZ;
;Spark & Shade;
;Spark7;
;Specific Slice;
;Spencer Brown;
;Spencer Newell;
;STA;
;Stan Arwell;
;STANDERWICK ;
;StanV;
;Starchaser;
;Stargazers;
;Starkillers ;
;Static Seven;
;Stefan Cambridge;
;Stefan Dabruck;
;Stefano Negrini;
;Steph Collings;
;Stephanie Reyes;
;Stereo Code;
;Stereo Wind;
;Steve Allen;
;Steve Anderson;
;Steve Brian;
;Stine Grove;
;Stone Canyon;
;Stoneface & Terminal;
;Store N Forward;
;Storm State;
;Storyteller;
;Straight Up;
;Stratos Kokotas;
;Sub Question;
;Sub Teal ;
;Sue McLaren;
;Sun Decade;
;Sunbird ;
;Suncatcher;
;Suncoast;
;Sunlight Project;
;Sunlounger ;
;Sunnery James ;
;Sunny Lax;
;Sunscreem;
;Sunset;
;Super8;
;Super8 & Tab;
;Susana ;
;Susanne Teutenberg;
;Susie Ledge;
;Suzanne Chesterton;
;Sven E ;
;Sveta B;
;Sylvane;
;Sylvia Brandse;
;Sylvia Tosun;
;Symsonic;
;Syntouch;
;Syntrobic;
;Systembreaker;
;T Davids;
;T.F.F.;
;Taival ;
;Takis ;
;Tali Muss;
;Talla 2XLC;
;Tania Zygar;
;Tanner Wilfong;
;Tara Louise ;
;Tasadi ;
;Tasso;
;Taygeto ;
;Taylor Torrence;
;TEKNO ;
;Temper Heart;
;Temple One;
;Tempo Giusto;
;Tenishia;
;Tensteps;
;Terrafunka;
;Terry Gaters;
;Tetarise ;
;TG;
;TH3 ONE;
;That Girl;
;The Antipodes;
;The Blizzard;
;The Cracken;
;The Doppler Effect;
;The Madison;
;The Old Guard;
;The Thrillseekers;
;The WLT;
;Thea Riley;
;Theoh ;
;Theology ;
;TheRio ;
;ThoBa;
;Thomas Coastline;
;Thomas Knight;
;Thomas Mengel;
;Thomas Penton;
;Three Drives;
;Three Faces;
;Tiddey;
;Tiff Lacey;
;Tilde ;
;Timur Shafiev;
;Tinlicker;
;TiO;
;Titus1;
;TNAN ;
;Tocadisco;
;Tolga Uzulmez;
;Tom Boldt;
;Tom Cloud;
;Tom Crusher ;
;Tom Exo;
;Tom Fall;
;Tom Staar;
;Tom Tyler;
;Tomac ;
;Tomas Heredia ;
;Tomas Moran;
;TOMMY OH!;
;Toni Nielson;
;Tony Arzadon;
;Tony Grand;
;Tony Gribsun;
;Tony Hammer;
;Touchstone ;
;Trance Arts;
;Trance Classics;
;TrancEye;
;Tribal Temptation;
;Tricia McTeague;
;Triple A ;
;Tristan D;
;Turn;
;Twin View;
;Tycoos;
;Tydi;
;Tydrous ;
;UDM;
;Ultimate;
;UltraBooster;
;Ummet Ozcan;
;Under This;
;Underdown ;
;Unique DJ;
;Universal Sense;
;Unix SL;
;Unkn0wn ;
;V.E.L.E.;
;Vadim Bonkrashkov;
;Vadim Spark;
;Van Yorge;
;Vasaio ;
;Vasily Goodkov;
;Vassmo;
;Vast Vision;
;Veen Tyler;
;Velvetine ;
;Venom One;
;Veremey ;
;Veronica K ;
;Vicetone ;
;Victor Special;
;Victoria Leshchenko;
;Vidoven;
;Vigel;
;Vika;
;Vinni Luz;
;Vintage;
;Violet Dolivo;
;Vito Fognini ;
;VIVID;
;Vlad Varel;
;Vladislav Maximov;
;W&W;
;W?de W?tts;
;Waltin Jay;
;Waves on Waves;
;Wavetraxx ;
;WeareD ;
;Wellenrausch ;
;Wezz Devall;
;WhiteLight ;
;Whiteout ;
;Wibber;
;Wicked BR;
;Wilderness ;
;Will Atkinson;
;Will Holland;
;Willem De Roo;
;William Schneider;
;Winter Kills;
;With The Winds ;
;Woody van Eyden;
;Wooli;
;Wright & Davids;
;Wynwood ;
;xENO;
;Xijaro & Pitch;
;Xpectra ;
;X-Thoff;
;Yang ;
;Yasmin Jane;
;Yenn;
;Yisus Madrid;
;Yoel Lewis ;
;Yoshi & Razner;
;Yura Moonlight;
;Yuri Kane;
;Zaa;
;Zack Aria;
;Zack Evans;
;Zagata  ;
;Zan & Ezi;
;Zara Taylor;
;Zedo ;
;Zein Hallak;
;Zetandel ;
;Zeus ;
;Zitizens ;
;Zitro;
;Zo? Johnston ;
;Zuubi ;
;;
;;
;;
;;
;;
;;
;;
;;
;;
;;
;;
;;
;;
;;
;;
;;
;;
;;
;;
;;
;;
;;
;;
;;
;;
;;
;;
;;
;;
;;
;;
;;
;;
;;
;;
;;
;;
;;
;;
;;
;;
;;
;;
;;
;;
;;
;;
;;
;;
;;
;;
;;
;;
;;
;;
;;
;;
;;
;;
;;
;;
;;
;;
;;
;;
;;
;;
;;
;;
;;
;;
;;
;;
;;
;;
;;
;;
;;
;;
;;
;;
;;
;;
;;
;;
;;
;;
;;
;;
;;
;;
;;
;;
;;
;;
;;
;;
;;
;;
;;
;;
;;
;;
;;
;;
;;
;;
;;
;;
;;
;;
;;
;;
;;
;;
;;
;;
;;
;;
;;
;;
;;
;;
;;
;;
;;
;;
;;
;;
;;
;;
;;
;;
;;
;;
;;
;;
;;
;;
;;
;;
;;
;;
;;
;;
;;
;;
;;
